label,mutation
0,ABL1_E255K
1,ABL1_E255V
2,ABL1_Y253H
3,ABL1_F359V
4,ABL1_F359C
5,ABL1_F359I
6,ABL1_I242T
7,ABL1_M244V
8,ABL1_K247R
9,ABL1_L248V
10,ABL1_G250E
11,ABL1_G250R
12,ABL1_Q252R
13,ABL1_Q252H
14,ABL1_Y253F
15,ABL1_M237V
16,ABL1_E258D
17,ABL1_W261L
18,ABL1_L273M
19,ABL1_E275K
20,ABL1_E275Q
21,ABL1_D276G
22,ABL1_T277A
23,ABL1_E279K
24,ABL1_V280A
25,ABL1_V289A
26,ABL1_V289I
27,ABL1_E292V
28,ABL1_E292Q
29,ABL1_I293V
30,ABL1_L298V
31,ABL1_V299L
32,ABL1_F311L
33,ABL1_F311I
34,ABL1_T315I
35,ABL1_F317L
36,ABL1_F317V
37,ABL1_F317I
38,ABL1_F317C
39,ABL1_Y320C
40,ABL1_L324Q
41,ABL1_Y342H
42,ABL1_M343T
43,ABL1_A344V
44,ABL1_A350V
45,ABL1_M351T
46,ABL1_E355D
47,ABL1_E355G
48,ABL1_E355A
49,ABL1_F359L
50,ABL1_D363Y
51,ABL1_L364I
52,ABL1_A365V
53,ABL1_A366G
54,ABL1_L370P
55,ABL1_V371A
56,ABL1_E373K
57,ABL1_V379I
58,ABL1_A380T
59,ABL1_F382L
60,ABL1_L384M
61,ABL1_L387M
62,ABL1_L387F
63,ABL1_L387V
64,ABL1_M388L
65,ABL1_Y393C
66,ABL1_H396P
67,ABL1_H396R
68,ABL1_H396A
69,ABL1_A397P
70,ABL1_S417F
71,ABL1_S417Y
72,ABL1_I418S
73,ABL1_I418V
74,ABL1_A433T
75,ABL1_S438C
76,ABL1_E450K
77,ABL1_E450G
78,ABL1_E450A
79,ABL1_E450V
80,ABL1_E453K
81,ABL1_E453G
82,ABL1_E453A
83,ABL1_E453V
84,ABL1_E459K
85,ABL1_E459G
86,ABL1_E459A
87,ABL1_E459V
88,ABL1_M472I
89,ABL1_P480L
90,ABL1_F486S
91,ABL1_E507G
92,ABL1_T315A
93,ALK_C1156Y
94,ALK_L1196M
95,ALK_E1408V
96,ALK_F1174L
97,ALK_F856S
98,ALK_A348D
99,ALK_G1123S
100,ALK_I1171T
101,ALK_L1152R
102,ALK_G1202R
103,ALK_S1206Y
104,ALK_G1269A
105,ALK_L1198F
106,ALK_R1275Q
107,ALK_G1128A
108,ALK_I1171N
109,ALK_R1192P
110,ALK_F1245C
111,AR_F877L
112,AR_L702H
113,AR_T878A
114,ARAF_S214C
115,BRAF_D594G
116,BRAF_G469E
117,BRAF_G466V
118,BRAF_K601R
119,BRAF_L597R
120,BRAF_V600R
121,BRAF_V600D
122,BRAF_V600K
123,BRAF_V600M
124,BRAF_V600G
125,BRAF_V600E
126,BRAF_Y472C
127,BTK_C481S
128,CBL_Y371H
129,CBL_C384R
130,CSF1R_Y571D
131,DDR2_I638F
132,DDR2_L239R
133,DDR2_G253C
134,DDR2_G774V
135,DDR2_L63V
136,DDR2_G505S
137,DDR2_S768R
138,EGFR_A289V
139,EGFR_R108K
140,EGFR_G598V
141,EGFR_T263P
142,EGFR_C797S
143,EGFR_E690K
144,EGFR_K757R
145,EGFR_E746G
146,EGFR_L798I
147,EGFR_L858R
148,EGFR_L861Q
149,EGFR_G719A
150,EGFR_G719S
151,EGFR_G719C
152,EGFR_G719D
153,EGFR_L747S
154,EGFR_S768I
155,EGFR_L861P
156,EGFR_L861R
157,EGFR_T790M
158,EPHA2_G391R
159,ERBB2_D769Y
160,ERBB2_D769H
161,ERBB2_R896C
162,ERBB2_V777L
163,ERBB2_V842I
164,ERBB2_G309A
165,ERBB2_K753E
166,ERBB2_L755S
167,ERBB2_L869R
168,ERBB2_T798I
169,ERBB2_V659E
170,ERBB3_G284R
171,ERBB3_R103G
172,ERBB3_V104M
173,ERBB3_P262H
174,ERBB3_Q809R
175,ERBB4_E317K
176,ERBB4_E452K
177,ERBB4_R544W
178,ERBB4_R393W
179,ERBB4_E872K
180,ERBB4_H809G
181,ESR1_Y537S
182,GNA11_Q209L
183,GNA11_Q209P
184,IDH2_R140K
185,IDH2_R172K
186,JAK2_V617F
187,KCNJ5_L168R
188,KIT_A829P
189,KIT_V654A
190,KIT_T670I
191,KIT_D816V
192,KIT_D816Y
193,KIT_D816F
194,KIT_D820E
195,KIT_D820Y
196,KIT_H697Y
197,KIT_N822K
198,KIT_Y553N
199,MAP2K1_E203K
200,MAP2K1_Q56P
201,MAP2K1_K57E
202,MET_H1112L
203,MET_V1110I
204,MET_H1112R
205,MET_M1268T
206,MET_R988C
207,MET_T1010I
208,NTRK1_G595R
209,NTRK1_G667C
210,NTRK3_G623R
211,PDGFRA_D842V
212,PDGFRA_P577S
213,PDGFRA_R841K
214,PDGFRA_H845Y
215,PDGFRA_G853D
216,PDGFRA_T674I
217,PDGFRA_V658A
218,PLCG2_R665W
219,PLCG2_L845F
220,RET_C634W
221,RET_M918T
222,RET_I788N
223,ROS1_G2032R
224,ROS1_S1986Y
225,ROS1_S1986F
226,SMO_D473H
227,SMO_D473G
228,SMO_W535L
229,SMO_L412F
230,SMO_W281C
231,SMO_Q477E
232,SMO_G497W
233,SMO_P641A
234,ALK_EML4-ALK L1152R
235,ALK_ALK FUSION G1202R
236,ALK_ALK FUSION F1245C
237,ALK_HIP1-ALK I1171N
238,ALK_EML4-ALK C1156Y
239,ALK_EML4-ALK S1206Y
240,ALK_EML4-ALK I1171S
241,ALK_ALK FUSION I1171
242,ALK_EML4-ALK L1196M
243,ALK_EML4-ALK  V1180L
244,ALK_ALK FUSION G1269A
245,ALK_EML4-ALK G1269A
246,AKT1_Q79K
247,AKT1_E17K
248,ARAF_S490T
249,ABL1_BCR-ABL E355G
250,ABL1_BCR-ABL T315A
251,ABL1_BCR-ABL F317S
252,ABL1_BCR-ABL F317I
253,ABL1_BCR-ABL L387M
254,ABL1_N336S
255,ABL1_BCR-ABL E453Q
256,ABL1_D421G
257,ABL1_BCR-ABL F317C
258,ABL1_BCR-ABL E255K
259,ABL1_BCR-ABL T334I
260,ABL1_BCR-ABL E453K
261,ABL1_BCR-ABL L364P
262,ABL1_BCR-ABL F486S
263,ABL1_BCR-ABL F311I
264,ABL1_BCR-ABL E459K
265,ABL1_BCR-ABL V379I
266,ABL1_R351W
267,ABL1_BCR-ABL N331S
268,ABL1_BCR-ABL F317V
269,ABL1_BCR-ABL E453A
270,ABL1_BCR-ABL A397P
271,ABL1_BCR-ABL F317L
272,ABL1_BCR-ABL F311L
273,ABL1_BCR-ABL F359I
274,ABL1_BCR-ABL H396P
275,ABL1_Q300R
276,ABL1_BCR-ABL L248R
277,ABL1_BCR-ABL P480A
278,ABL1_BCR-ABL E450V
279,ABL1_BCR-ABL G398R
280,BRAF_G596R
281,BRAF_L597V
282,BRAF_L597Q
283,BRAF_L597S
284,BRAF_K601E
285,BRAF_G469A
286,BRAF_D594A
287,BRAF_N581S
288,BRAF_K483M
289,BRAF_G606E
290,BRAF_D594V
291,BRAF_G464V
292,BRAF_G596C
293,BRAF_P731T
294,BRAF_L505H
295,BRCA1_E1559K
296,BRCA1_C64Y
297,BRCA1_D1692N
298,BRCA1_C61G
299,BRCA1_R71G
300,BRCA1_R1495M
301,BRCA1_R71K
302,BRCA2_V211L
303,BRCA2_M1I
304,BRCA2_R2336H
305,BRCA2_V211I
306,BRCA2_V159M
307,BRCA2_M1R
308,BRCA2_R2336P
309,CDK4_R24C
310,DNMT3A_R882
311,EGFR_K806E
312,EGFR_A864T
313,EGFR_D761Y
314,EGFR_E734Q
315,EGFR_C797Y
316,EGFR_R831H
317,EGFR_V851I
318,EGFR_N826S
319,ERBB2_L755W
320,ERBB2_H878Y
321,ERBB2_N857S
322,ERBB2_T862A
323,ERBB2_R678Q
324,ERBB2_L866M
325,ERBB2_V773A
326,ERBB2_S310F/Y
327,ESR1_Y537N
328,ESR1_Y537C
329,ESR1_L536Q
330,ESR1_S463P
331,ESR1_D538G
332,FGFR3_S249C
333,FLT3_D835H
334,FLT3_D835H/Y
335,FLT3_D835V
336,IDH1_R132C
337,IDH1_R132S
338,IDH1_R132L
339,IDH1_R132H
340,KIT_K642E
341,KIT_N822H
342,KIT_M541L
343,KIT_L576P
344,KIT_D820G
345,KIT_V559D
346,KIT_D816H
347,KIT_C809G
348,KIT_V560G
349,KIT_Y823D
350,KIT_D820A
351,KRAS_G12V
352,KRAS_G12D
353,KRAS_G12C
354,KRAS_G12A
355,KRAS_A146V
356,KRAS_G12S
357,KRAS_Q61H
358,KRAS_G12R
359,KRAS_A146T
360,MAP2K1_C121S
361,MAP2K1_K57N
362,MAP2K1_P124S
363,NRAS_Q61
364,NRAS_G12D
365,NRAS_Q61R
366,NRAS_Q61L
367,NRAS_G13D
368,NRAS_Q61K
369,PIK3CA_P471L
370,PIK3CA_E545K
371,PIK3CA_E542K
372,PIK3CA_H1047R
373,PIK3CA_E545G
374,PIK3CA_D350G
375,PDGFRA_D842I
376,PDGFRA_D842Y
377,PDGFRA_V561D
378,PDGFRA_V561A
379,PDGFRA_FIP1L1-PDGFRA T674I
380,PML_PML-RARA A216V
381,PML_PML-RARA L218P
382,TP53_R213P
383,TP53_R282L
384,TP53_R273C
385,TP53_Y220C
386,TP53_R175H
387,MET_D1228N
388,MET_D1228V
389,VHL_N78S (c.233A>G)
390,VHL_R200W (c.598C>T)
391,BTK_T316A
392,AR_W742
393,ATM_N2875H
394,NQO1_P187S
395,ERBB3_V855A
396,FGFR1_N546K
397,MTOR_P2213S
398,MTOR_M2327I
399,MTOR_A2034V
400,MTOR_H1968Y
401,GNA11_Q209
402,GNAQ_Q209P
403,GNAS_R201C
404,HRAS_G13D
405,JAK1_S703I
406,KDR_A1065T
407,KDR_D717V
408,KDR_R961W
409,MTHFR_A222V
410,MYD88_L265P
411,NTRK3_ETV6-NTRK3 G623R
412,MAPK1_E322K
413,RAC1_P29S
414,ROS1_CD74-ROS1 G2101A
415,ROS1_CD74-ROS1 L2155S
416,ROS1_CD74-ROS1 G2032R
417,ROS1_CD74-ROS1 L2026M
418,XRCC1_R194W
419,AKT3_E17K
420,NT5C2_R367Q
421,NT5C2_D407A
422,NT5C2_K359Q
423,PPP1R15A_RS557806
424,ABL1_R332W
425,ABL1_G321L
426,ALK_Y1278S
427,ALK_D1091N
428,ALK_F1245V
429,ALK_F1174V
430,ARID1A_Q456*
431,BRAF_G464E
432,BRAF_K601T
433,BRAF_K601N
434,BRAF_G464R
435,BRAF_G469V
436,BRAF_F247L
437,BRAF_V600X
438,BRAF_F595L
439,BRAF_L514V
440,BRAF_L485W
441,BRAF_G466E
442,BRAF_V600E/K
443,BRAF_D594N
444,BRCA1_R1443*
445,BRCA1_N682*
446,BRCA1_W1782*
447,BRCA2_S1970*
448,CDKN2A_R80*
449,CSF3R_N610S
450,CSF3R_Q741*
451,CSF3R_N610H
452,CSF3R_T618I
453,CSF3R_T640N
454,CTNNB1_T41A
455,CTNNB1_S45F
456,ERBB2_L726F
457,ERBB2_N813D
458,ERBB2_T733I
459,ERBB2_T798M
460,ERBB2_G660R
461,ERBB2_V773L
462,ERBB2_G778A
463,ERBB2_S310Y
464,ERBB2_G776V
465,ERBB2_S783P
466,ERBB2_L785F
467,ERBB2_Y803N
468,ERBB2_L755P
469,ERBB2_V697L
470,ERBB2_G292R
471,ERBB2_L841V
472,ERBB2_G660D
473,ERBB2_E719G
474,ERBB2_L768S
475,ERBB2_E812K
476,ERBB2_S310F
477,ERBB2_K831N
478,ERBB2_S653C
479,ERBB2_L663P
480,ERBB2_P780L
481,ERBB2_E717K
482,ERBB2_Q709L
483,ERBB2_L726I
484,ERBB4_G1109C
485,ERBB4_E563K
486,EZH2_Y646H
487,EZH2_Y111D
488,EZH2_Y641S
489,EZH2_Y646F
490,EZH2_Y641N
491,FBXW7_R505C
492,FGFR1_V561M
493,FGFR2_V564L
494,FGFR2_K660E
495,FGFR2_V564F
496,FGFR2_F276C
497,FGFR2_N550H
498,FGFR2_N550S
499,FGFR2_M538I
500,FGFR2_N550K
501,FGFR2_M536I
502,FGFR2_S252W
503,FGFR2_V564I
504,FGFR2_I548V
505,FGFR2_P253R
506,FGFR2_K660N
507,FGFR2_W290C
508,FGFR2_N549K
509,FGFR2_V565I
510,FGFR2_L618M
511,FGFR2_E566G
512,FGFR3_V555M
513,FGFR3_V555L
514,FGFR3_L608V
515,FGFR3_R248C
516,FGFR3_F386L
517,FGFR3_Y375C
518,FGFR3_Y373C
519,FGFR3_K650E
520,FGFR3_S131L
521,FGFR3_N540K
522,FGFR3_K652E
523,FLT3_D835X
524,FLT3_R834Q
525,FLT3_Y572C
526,FLT3_Y842C
527,FLT3_D835Y
528,FLT3_S451F
529,FLT3_V592G
530,GNAQ_Q209L
531,HRAS_Q61L
532,HRAS_G12V
533,HRAS_Q61R
534,IDH2_R140Q
535,JAK2_R938Q
536,JAK2_R867Q
537,JAK2_Y931C
538,JAK3_A572V
539,JAK3_R172Q
540,JAK3_G589D
541,JAK3_E183G
542,JAK3_H583Y
543,JAK3_L156P
544,JAK3_M511I
545,JAK3_L857P
546,JAK3_A573V
547,JAK3_V722I
548,JAK3_V674A
549,KDR_R1032Q
550,KDR_L840F
551,KIT_D820N
552,KIT_N505I
553,KIT_V559A
554,KIT_W557R
555,KIT_Y578C
556,KIT_N822I
557,KIT_C443S
558,KIT_V560D
559,KIT_S476I
560,KIT_W557G
561,KRAS_Q61K
562,KRAS_G12X
563,KRAS_A59T
564,KRAS_G13C
565,KRAS_R149G
566,KRAS_G13X
567,KRAS_G13D
568,KRAS_Q61R
569,MAP2K1_F53S
570,MAP2K1_K57T
571,MAP2K1_V211D
572,MAP2K1_L115A
573,MAP2K1_F53L
574,MAP2K1_F129L
575,MAP2K1_P124L
576,MAP2K1_L115P
577,MAP2K1_P124Q
578,MAP2K1_I111S
579,MAP2K1_V60E
580,MAP2K1_I103N
581,MET_D1228H
582,MET_F1200I
583,MET_Y1230C
584,MET_M1149T
585,MET_N375S
586,MET_Y1230H
587,MPL_W515L
588,MSH6_T1219I
589,NRAS_G12V
590,NRAS_Q61H
591,PDGFRA_H650Q
592,PDGFRA_Y849S
593,PDGFRA_L221F
594,PDGFRA_D846Y
595,PDGFRA_N659K
596,PDGFRA_N659S
597,PDGFRA_R748G
598,PTEN_A126G
599,PTEN_C136Y
600,PTEN_N48I
601,PTPN11_E76K
602,RB1_H483Y
603,RET_C618R
604,RET_V804M
605,RET_L790F
606,RET_A883F
607,RET_C634F
608,RET_C634R
609,RET_C634Y
610,RET_V804L
611,RET_Y791F
612,RET_E768D
613,RET_S891A
614,RET_D898V
615,RET_E884K
616,RET_Y806C
617,SMO_N219D
618,SMO_C469Y
619,SMO_F460L
620,SMO_T241M
621,SMO_D473Y
622,SMO_E518K
623,SMO_H231R
624,SMO_V321M
625,SMO_W281L
626,SMO_S387N
627,SMO_S533N
628,SMO_I408V
629,SMO_D384N
630,SMO_A459V
631,STAG2_S653*
632,STK11_Q37*
633,STK11_F354L
634,STK11_W332*
635,STK11_E199*
636,TP53_C135Y
637,TP53_P278R
638,TP53_S215G
639,TP53_R273H
640,TP53_D259Y
641,TP53_R280K
642,TP53_R248W
643,TP53_P72R
644,TP53_R158G
645,TP53_C238F
646,TP53_L111Q
647,TP53_R248Q
648,TP53_P98A
649,TP53_Y163C
650,TP53_R273L
651,TP53_Y234C
652,TP53_L194F
653,TP53_S241F
654,TP53_A159V
655,TP53_Y163H
656,TP53_V173M
657,TP53_G244S
658,TP53_P151H
659,KRAS_G13Y
660,KRAS_G13F
661,KRAS_G12I
662,KRAS_G13R
663,KRAS_Q61P
664,KRAS_G12Y
665,KRAS_G13N
666,KRAS_G12N
667,EGFR_V769_D770insGSV
668,EGFR_V769_D770insGVV
669,KRAS_G12E
670,EGFR_L747_S752del
671,EGFR_P772_H773insTP
672,EGFR_H773_V774insTQPP
673,KRAS_G13I
674,ALK_V1180L
675,EGFR_T751_E758del
676,KRAS_G12L
677,KRAS_Q61L
678,KRAS_G12F
679,ALK_C1156F
680,KRAS_G13E
681,KRAS_G12W
682,KRAS_G13S
683,KRAS_G13A
684,KRAS_G13V
685,KRAS_Q61E
686,ALK_I1171S
687,ERBB2_G309E
688,EGFR_L747_T751del
689,EGFR_A767_S768insTLA
690,ERBB2_E321G
691,EGFR_P772_H773insTHP
692,EGFR_V769_D770insCV
693,EGFR_A767_S768insIA
694,EGFR_V769_D770insERG
695,EGFR_P772_H773insV
696,EGFR_V774_C775insPR
697,ALK_F1174C
698,ALK_L1196Q
699,EGFR_H773_V774insGH
700,RET_C630R
701,EGFR_Y764_V765insHH
702,EGFR_D770_N771insQRG
703,BRCA1_A1708E
704,BRCA2_R2659T
705,BRCA1_R1699W
706,BRCA1_A1789T
707,BRCA1_V1713A
708,BRCA1_M1775R
709,ESR1_L536R
710,ESR1_V534E
711,ESR1_L536P
712,ESR1_L536H
713,ESR1_V392I
714,ESR1_E380Q
715,BRAF_V600Q
716,BRAF_V600A
717,NRAS_Q61P
718,BRAF_V600L
719,UGT1A1_P229Q
720,EGFR_R832H
721,NRAS_Q61E
722,EGFR_S752_I759del
723,BRCA1_M18T
724,ESR1_P535H
725,ESR1_S576L
726,CYP19A1_P410S
727,TP53_L130V
728,TP53_E285K
729,EGFR_E746_A750del
730,BRAF_G469L
731,UGT1A1_G71R
732,EGFR_L707*
733,EGFR_C797R
734,ALK_L1152P
735,EGFR_C797G
736,MAP2K1_D67N
737,GNAQ_Q209H
738,CTNNB1_S33C
739,APC_N1026S
740,MAP2K1_E120D
741,FGFR2_N549H
742,MAP2K1_L215P
743,MAP2K1_H119P
744,ROS1_D2033N
745,MAP2K1_I99T
746,ALK_E1210K
747,GNAQ_Q209Y
748,GNAQ_Q209K
749,ESR1_V422del
750,ESR1_L469V
751,ESR1_Y537D
752,BRCA1_C44Y
753,BRCA1_C39Y
754,BRCA1_C44F
755,BRCA1_P1749R
756,ERBB2_L755_T759del
757,ERBB4_E542K
758,EGFR_exon 19 deletion
759,MAP2K1_I111N
760,CTNNB1_S37F
761,MAP2K1_G128D
762,BRAF_G469R
763,BRAF_G469S
764,CTNNB1_W383R
765,CTNNB1_S37Y
766,ALK_D1203N
767,CTNNB1_S45P
768,GNAQ_Q209R
769,BRAF_D594E
770,CTNNB1_N387K
